"TIME","GEO","CROPS","STRUCPRO","Value","Flag and Footnotes"
"2011","European Union (EU6-1958, EU9-1973, EU10-1981, EU12-1986, EU15-1995, EU25-2004, EU27-2007, EU28-2013, EU27-2020)","Potatoes (including seed potatoes)","Harvested production in EU standard humidity (1000 t)","62 484.17",""
"2011","European Union - 27 countries (from 2020)","Potatoes (including seed potatoes)","Harvested production in EU standard humidity (1000 t)","56 635.70",""
"2011","European Union - 28 countries (2013-2020)","Potatoes (including seed potatoes)","Harvested production in EU standard humidity (1000 t)","62 651.70",""
"2011","Belgium","Potatoes (including seed potatoes)","Harvested production in EU standard humidity (1000 t)","4 128.67",""
"2011","Bulgaria","Potatoes (including seed potatoes)","Harvested production in EU standard humidity (1000 t)","232.31",""
"2011","Czechia","Potatoes (including seed potatoes)","Harvested production in EU standard humidity (1000 t)","805.33",""
"2011","Denmark","Potatoes (including seed potatoes)","Harvested production in EU standard humidity (1000 t)","1 620.20",""
"2011","Germany (until 1990 former territory of the FRG)","Potatoes (including seed potatoes)","Harvested production in EU standard humidity (1000 t)","11 837.20",""
"2011","Estonia","Potatoes (including seed potatoes)","Harvested production in EU standard humidity (1000 t)","110.60",""
"2011","Ireland","Potatoes (including seed potatoes)","Harvested production in EU standard humidity (1000 t)","356.07",""
"2011","Greece","Potatoes (including seed potatoes)","Harvested production in EU standard humidity (1000 t)","757.82",""
"2011","Spain","Potatoes (including seed potatoes)","Harvested production in EU standard humidity (1000 t)","2 455.08",""
"2011","France","Potatoes (including seed potatoes)","Harvested production in EU standard humidity (1000 t)","7 440.22",""
"2011","Croatia","Potatoes (including seed potatoes)","Harvested production in EU standard humidity (1000 t)","167.52",""
"2011","Italy","Potatoes (including seed potatoes)","Harvested production in EU standard humidity (1000 t)","1 536.85",""
"2011","Cyprus","Potatoes (including seed potatoes)","Harvested production in EU standard humidity (1000 t)","126.08",""
"2011","Latvia","Potatoes (including seed potatoes)","Harvested production in EU standard humidity (1000 t)","246.80",""
"2011","Lithuania","Potatoes (including seed potatoes)","Harvested production in EU standard humidity (1000 t)","581.00",""
"2011","Luxembourg","Potatoes (including seed potatoes)","Harvested production in EU standard humidity (1000 t)","19.68",""
"2011","Hungary","Potatoes (including seed potatoes)","Harvested production in EU standard humidity (1000 t)","600.12",""
"2011","Malta","Potatoes (including seed potatoes)","Harvested production in EU standard humidity (1000 t)","18.92",""
"2011","Netherlands","Potatoes (including seed potatoes)","Harvested production in EU standard humidity (1000 t)","7 333.00",""
"2011","Austria","Potatoes (including seed potatoes)","Harvested production in EU standard humidity (1000 t)","816.07",""
"2011","Poland","Potatoes (including seed potatoes)","Harvested production in EU standard humidity (1000 t)","9 111.00",""
"2011","Portugal","Potatoes (including seed potatoes)","Harvested production in EU standard humidity (1000 t)","389.80",""
"2011","Romania","Potatoes (including seed potatoes)","Harvested production in EU standard humidity (1000 t)","4 076.57",""
"2011","Slovenia","Potatoes (including seed potatoes)","Harvested production in EU standard humidity (1000 t)","96.18",""
"2011","Slovakia","Potatoes (including seed potatoes)","Harvested production in EU standard humidity (1000 t)","217.30",""
"2011","Finland","Potatoes (including seed potatoes)","Harvested production in EU standard humidity (1000 t)","673.30",""
"2011","Sweden","Potatoes (including seed potatoes)","Harvested production in EU standard humidity (1000 t)","882.00",""
"2011","United Kingdom","Potatoes (including seed potatoes)","Harvested production in EU standard humidity (1000 t)","6 016.00",""
"2011","Iceland","Potatoes (including seed potatoes)","Harvested production in EU standard humidity (1000 t)","7.20",""
"2011","Norway","Potatoes (including seed potatoes)","Harvested production in EU standard humidity (1000 t)","296.00",""
"2011","Switzerland","Potatoes (including seed potatoes)","Harvested production in EU standard humidity (1000 t)","515.00",""
"2011","Montenegro","Potatoes (including seed potatoes)","Harvested production in EU standard humidity (1000 t)","21.22",""
"2011","North Macedonia","Potatoes (including seed potatoes)","Harvested production in EU standard humidity (1000 t)","193.86",""
"2011","Albania","Potatoes (including seed potatoes)","Harvested production in EU standard humidity (1000 t)","230.10",""
"2011","Serbia","Potatoes (including seed potatoes)","Harvested production in EU standard humidity (1000 t)","891.51",""
"2011","Turkey","Potatoes (including seed potatoes)","Harvested production in EU standard humidity (1000 t)","4 648.00",""
"2011","Bosnia and Herzegovina","Potatoes (including seed potatoes)","Harvested production in EU standard humidity (1000 t)","412.70","e"
"2011","Kosovo (under United Nations Security Council Resolution 1244/99)","Potatoes (including seed potatoes)","Harvested production in EU standard humidity (1000 t)","87.00",""
"2012","European Union (EU6-1958, EU9-1973, EU10-1981, EU12-1986, EU15-1995, EU25-2004, EU27-2007, EU28-2013, EU27-2020)","Potatoes (including seed potatoes)","Harvested production in EU standard humidity (1000 t)","53 847.58",""
"2012","European Union - 27 countries (from 2020)","Potatoes (including seed potatoes)","Harvested production in EU standard humidity (1000 t)","49 445.85",""
"2012","European Union - 28 countries (2013-2020)","Potatoes (including seed potatoes)","Harvested production in EU standard humidity (1000 t)","53 998.85",""
"2012","Belgium","Potatoes (including seed potatoes)","Harvested production in EU standard humidity (1000 t)","2 811.50",""
"2012","Bulgaria","Potatoes (including seed potatoes)","Harvested production in EU standard humidity (1000 t)","151.30",""
"2012","Czechia","Potatoes (including seed potatoes)","Harvested production in EU standard humidity (1000 t)","661.80",""
"2012","Denmark","Potatoes (including seed potatoes)","Harvested production in EU standard humidity (1000 t)","1 664.20",""
"2012","Germany (until 1990 former territory of the FRG)","Potatoes (including seed potatoes)","Harvested production in EU standard humidity (1000 t)","10 665.60",""
"2012","Estonia","Potatoes (including seed potatoes)","Harvested production in EU standard humidity (1000 t)","102.00",""
"2012","Ireland","Potatoes (including seed potatoes)","Harvested production in EU standard humidity (1000 t)","232.02",""
"2012","Greece","Potatoes (including seed potatoes)","Harvested production in EU standard humidity (1000 t)","578.82",""
"2012","Spain","Potatoes (including seed potatoes)","Harvested production in EU standard humidity (1000 t)","2 192.28",""
"2012","France","Potatoes (including seed potatoes)","Harvested production in EU standard humidity (1000 t)","6 376.06",""
"2012","Croatia","Potatoes (including seed potatoes)","Harvested production in EU standard humidity (1000 t)","151.28",""
"2012","Italy","Potatoes (including seed potatoes)","Harvested production in EU standard humidity (1000 t)","1 491.25",""
"2012","Cyprus","Potatoes (including seed potatoes)","Harvested production in EU standard humidity (1000 t)","82.20",""
"2012","Latvia","Potatoes (including seed potatoes)","Harvested production in EU standard humidity (1000 t)","238.80",""
"2012","Lithuania","Potatoes (including seed potatoes)","Harvested production in EU standard humidity (1000 t)","542.40",""
"2012","Luxembourg","Potatoes (including seed potatoes)","Harvested production in EU standard humidity (1000 t)","20.61",""
"2012","Hungary","Potatoes (including seed potatoes)","Harvested production in EU standard humidity (1000 t)","547.71",""
"2012","Malta","Potatoes (including seed potatoes)","Harvested production in EU standard humidity (1000 t)","12.69",""
"2012","Netherlands","Potatoes (including seed potatoes)","Harvested production in EU standard humidity (1000 t)","6 766.00",""
"2012","Austria","Potatoes (including seed potatoes)","Harvested production in EU standard humidity (1000 t)","665.42",""
"2012","Poland","Potatoes (including seed potatoes)","Harvested production in EU standard humidity (1000 t)","9 041.30",""
"2012","Portugal","Potatoes (including seed potatoes)","Harvested production in EU standard humidity (1000 t)","445.65",""
"2012","Romania","Potatoes (including seed potatoes)","Harvested production in EU standard humidity (1000 t)","2 465.15",""
"2012","Slovenia","Potatoes (including seed potatoes)","Harvested production in EU standard humidity (1000 t)","79.25",""
"2012","Slovakia","Potatoes (including seed potatoes)","Harvested production in EU standard humidity (1000 t)","165.67",""
"2012","Finland","Potatoes (including seed potatoes)","Harvested production in EU standard humidity (1000 t)","489.60",""
"2012","Sweden","Potatoes (including seed potatoes)","Harvested production in EU standard humidity (1000 t)","805.30",""
"2012","United Kingdom","Potatoes (including seed potatoes)","Harvested production in EU standard humidity (1000 t)","4 553.00",""
"2012","Iceland","Potatoes (including seed potatoes)","Harvested production in EU standard humidity (1000 t)","9.70",""
"2012","Norway","Potatoes (including seed potatoes)","Harvested production in EU standard humidity (1000 t)","305.00",""
"2012","Switzerland","Potatoes (including seed potatoes)","Harvested production in EU standard humidity (1000 t)","452.20",""
"2012","Montenegro","Potatoes (including seed potatoes)","Harvested production in EU standard humidity (1000 t)","15.66",""
"2012","North Macedonia","Potatoes (including seed potatoes)","Harvested production in EU standard humidity (1000 t)","169.98",""
"2012","Albania","Potatoes (including seed potatoes)","Harvested production in EU standard humidity (1000 t)","233.00",""
"2012","Serbia","Potatoes (including seed potatoes)","Harvested production in EU standard humidity (1000 t)","577.97",""
"2012","Turkey","Potatoes (including seed potatoes)","Harvested production in EU standard humidity (1000 t)","4 822.00",""
"2012","Bosnia and Herzegovina","Potatoes (including seed potatoes)","Harvested production in EU standard humidity (1000 t)","299.94","e"
"2012","Kosovo (under United Nations Security Council Resolution 1244/99)","Potatoes (including seed potatoes)","Harvested production in EU standard humidity (1000 t)","33.40",""
"2013","European Union (EU6-1958, EU9-1973, EU10-1981, EU12-1986, EU15-1995, EU25-2004, EU27-2007, EU28-2013, EU27-2020)","Potatoes (including seed potatoes)","Harvested production in EU standard humidity (1000 t)","53 719.80",""
"2013","European Union - 27 countries (from 2020)","Potatoes (including seed potatoes)","Harvested production in EU standard humidity (1000 t)","48 197.31",""
"2013","European Union - 28 countries (2013-2020)","Potatoes (including seed potatoes)","Harvested production in EU standard humidity (1000 t)","53 882.31",""
"2013","Belgium","Potatoes (including seed potatoes)","Harvested production in EU standard humidity (1000 t)","3 428.00",""
"2013","Bulgaria","Potatoes (including seed potatoes)","Harvested production in EU standard humidity (1000 t)","186.53",""
"2013","Czechia","Potatoes (including seed potatoes)","Harvested production in EU standard humidity (1000 t)","536.45",""
"2013","Denmark","Potatoes (including seed potatoes)","Harvested production in EU standard humidity (1000 t)","1 646.30",""
"2013","Germany (until 1990 former territory of the FRG)","Potatoes (including seed potatoes)","Harvested production in EU standard humidity (1000 t)","9 669.70",""
"2013","Estonia","Potatoes (including seed potatoes)","Harvested production in EU standard humidity (1000 t)","92.60",""
"2013","Ireland","Potatoes (including seed potatoes)","Harvested production in EU standard humidity (1000 t)","410.15",""
"2013","Greece","Potatoes (including seed potatoes)","Harvested production in EU standard humidity (1000 t)","667.72",""
"2013","Spain","Potatoes (including seed potatoes)","Harvested production in EU standard humidity (1000 t)","2 167.61",""
"2013","France","Potatoes (including seed potatoes)","Harvested production in EU standard humidity (1000 t)","6 953.28",""
"2013","Croatia","Potatoes (including seed potatoes)","Harvested production in EU standard humidity (1000 t)","162.50",""
"2013","Italy","Potatoes (including seed potatoes)","Harvested production in EU standard humidity (1000 t)","1 272.21",""
"2013","Cyprus","Potatoes (including seed potatoes)","Harvested production in EU standard humidity (1000 t)","105.48",""
"2013","Latvia","Potatoes (including seed potatoes)","Harvested production in EU standard humidity (1000 t)","236.80",""
"2013","Lithuania","Potatoes (including seed potatoes)","Harvested production in EU standard humidity (1000 t)","420.70",""
"2013","Luxembourg","Potatoes (including seed potatoes)","Harvested production in EU standard humidity (1000 t)","17.54",""
"2013","Hungary","Potatoes (including seed potatoes)","Harvested production in EU standard humidity (1000 t)","487.36",""
"2013","Malta","Potatoes (including seed potatoes)","Harvested production in EU standard humidity (1000 t)","12.64",""
"2013","Netherlands","Potatoes (including seed potatoes)","Harvested production in EU standard humidity (1000 t)","6 577.00",""
"2013","Austria","Potatoes (including seed potatoes)","Harvested production in EU standard humidity (1000 t)","604.05",""
"2013","Poland","Potatoes (including seed potatoes)","Harvested production in EU standard humidity (1000 t)","7 110.90",""
"2013","Portugal","Potatoes (including seed potatoes)","Harvested production in EU standard humidity (1000 t)","487.65",""
"2013","Romania","Potatoes (including seed potatoes)","Harvested production in EU standard humidity (1000 t)","3 289.72",""
"2013","Slovenia","Potatoes (including seed potatoes)","Harvested production in EU standard humidity (1000 t)","62.16",""
"2013","Slovakia","Potatoes (including seed potatoes)","Harvested production in EU standard humidity (1000 t)","164.46",""
"2013","Finland","Potatoes (including seed potatoes)","Harvested production in EU standard humidity (1000 t)","621.70",""
"2013","Sweden","Potatoes (including seed potatoes)","Harvested production in EU standard humidity (1000 t)","806.10",""
"2013","United Kingdom","Potatoes (including seed potatoes)","Harvested production in EU standard humidity (1000 t)","5 685.00",""
"2013","Iceland","Potatoes (including seed potatoes)","Harvested production in EU standard humidity (1000 t)","6.00",""
"2013","Norway","Potatoes (including seed potatoes)","Harvested production in EU standard humidity (1000 t)","318.00",""
"2013","Switzerland","Potatoes (including seed potatoes)","Harvested production in EU standard humidity (1000 t)","341.20",""
"2013","Montenegro","Potatoes (including seed potatoes)","Harvested production in EU standard humidity (1000 t)","20.04",""
"2013","North Macedonia","Potatoes (including seed potatoes)","Harvested production in EU standard humidity (1000 t)","190.88",""
"2013","Albania","Potatoes (including seed potatoes)","Harvested production in EU standard humidity (1000 t)",":",""
"2013","Serbia","Potatoes (including seed potatoes)","Harvested production in EU standard humidity (1000 t)","766.83",""
"2013","Turkey","Potatoes (including seed potatoes)","Harvested production in EU standard humidity (1000 t)","3 955.00",""
"2013","Bosnia and Herzegovina","Potatoes (including seed potatoes)","Harvested production in EU standard humidity (1000 t)","371.14","e"
"2013","Kosovo (under United Nations Security Council Resolution 1244/99)","Potatoes (including seed potatoes)","Harvested production in EU standard humidity (1000 t)","50.80",""
"2014","European Union (EU6-1958, EU9-1973, EU10-1981, EU12-1986, EU15-1995, EU25-2004, EU27-2007, EU28-2013, EU27-2020)","Potatoes (including seed potatoes)","Harvested production in EU standard humidity (1000 t)","59 064.98",""
"2014","European Union - 27 countries (from 2020)","Potatoes (including seed potatoes)","Harvested production in EU standard humidity (1000 t)","53 143.98",""
"2014","European Union - 28 countries (2013-2020)","Potatoes (including seed potatoes)","Harvested production in EU standard humidity (1000 t)","59 064.98",""
"2014","Belgium","Potatoes (including seed potatoes)","Harvested production in EU standard humidity (1000 t)","4 121.45",""
"2014","Bulgaria","Potatoes (including seed potatoes)","Harvested production in EU standard humidity (1000 t)","132.65",""
"2014","Czechia","Potatoes (including seed potatoes)","Harvested production in EU standard humidity (1000 t)","697.54",""
"2014","Denmark","Potatoes (including seed potatoes)","Harvested production in EU standard humidity (1000 t)","964.50",""
"2014","Germany (until 1990 former territory of the FRG)","Potatoes (including seed potatoes)","Harvested production in EU standard humidity (1000 t)","11 607.30",""
"2014","Estonia","Potatoes (including seed potatoes)","Harvested production in EU standard humidity (1000 t)","82.30",""
"2014","Ireland","Potatoes (including seed potatoes)","Harvested production in EU standard humidity (1000 t)","383.01",""
"2014","Greece","Potatoes (including seed potatoes)","Harvested production in EU standard humidity (1000 t)","612.64",""
"2014","Spain","Potatoes (including seed potatoes)","Harvested production in EU standard humidity (1000 t)","2 543.93",""
"2014","France","Potatoes (including seed potatoes)","Harvested production in EU standard humidity (1000 t)","8 054.52",""
"2014","Croatia","Potatoes (including seed potatoes)","Harvested production in EU standard humidity (1000 t)","160.85",""
"2014","Italy","Potatoes (including seed potatoes)","Harvested production in EU standard humidity (1000 t)","1 365.44",""
"2014","Cyprus","Potatoes (including seed potatoes)","Harvested production in EU standard humidity (1000 t)","117.50",""
"2014","Latvia","Potatoes (including seed potatoes)","Harvested production in EU standard humidity (1000 t)","209.90",""
"2014","Lithuania","Potatoes (including seed potatoes)","Harvested production in EU standard humidity (1000 t)","460.90",""
"2014","Luxembourg","Potatoes (including seed potatoes)","Harvested production in EU standard humidity (1000 t)","18.98",""
"2014","Hungary","Potatoes (including seed potatoes)","Harvested production in EU standard humidity (1000 t)","567.43",""
"2014","Malta","Potatoes (including seed potatoes)","Harvested production in EU standard humidity (1000 t)","10.81",""
"2014","Netherlands","Potatoes (including seed potatoes)","Harvested production in EU standard humidity (1000 t)","7 100.00",""
"2014","Austria","Potatoes (including seed potatoes)","Harvested production in EU standard humidity (1000 t)","750.64",""
"2014","Poland","Potatoes (including seed potatoes)","Harvested production in EU standard humidity (1000 t)","7 424.11",""
"2014","Portugal","Potatoes (including seed potatoes)","Harvested production in EU standard humidity (1000 t)","539.87",""
"2014","Romania","Potatoes (including seed potatoes)","Harvested production in EU standard humidity (1000 t)","3 519.33",""
"2014","Slovenia","Potatoes (including seed potatoes)","Harvested production in EU standard humidity (1000 t)","97.16",""
"2014","Slovakia","Potatoes (including seed potatoes)","Harvested production in EU standard humidity (1000 t)","178.82",""
"2014","Finland","Potatoes (including seed potatoes)","Harvested production in EU standard humidity (1000 t)","600.30",""
"2014","Sweden","Potatoes (including seed potatoes)","Harvested production in EU standard humidity (1000 t)","822.10",""
"2014","United Kingdom","Potatoes (including seed potatoes)","Harvested production in EU standard humidity (1000 t)","5 921.00",""
"2014","Iceland","Potatoes (including seed potatoes)","Harvested production in EU standard humidity (1000 t)",":",""
"2014","Norway","Potatoes (including seed potatoes)","Harvested production in EU standard humidity (1000 t)","357.70",""
"2014","Switzerland","Potatoes (including seed potatoes)","Harvested production in EU standard humidity (1000 t)","503.77",""
"2014","Montenegro","Potatoes (including seed potatoes)","Harvested production in EU standard humidity (1000 t)","24.31",""
"2014","North Macedonia","Potatoes (including seed potatoes)","Harvested production in EU standard humidity (1000 t)","199.65",""
"2014","Albania","Potatoes (including seed potatoes)","Harvested production in EU standard humidity (1000 t)","240.00",""
"2014","Serbia","Potatoes (including seed potatoes)","Harvested production in EU standard humidity (1000 t)","592.05",""
"2014","Turkey","Potatoes (including seed potatoes)","Harvested production in EU standard humidity (1000 t)","4 175.00",""
"2014","Bosnia and Herzegovina","Potatoes (including seed potatoes)","Harvested production in EU standard humidity (1000 t)","303.85","e"
"2014","Kosovo (under United Nations Security Council Resolution 1244/99)","Potatoes (including seed potatoes)","Harvested production in EU standard humidity (1000 t)","77.20","e"
"2015","European Union (EU6-1958, EU9-1973, EU10-1981, EU12-1986, EU15-1995, EU25-2004, EU27-2007, EU28-2013, EU27-2020)","Potatoes (including seed potatoes)","Harvested production in EU standard humidity (1000 t)","53 238.31",""
"2015","European Union - 27 countries (from 2020)","Potatoes (including seed potatoes)","Harvested production in EU standard humidity (1000 t)","47 640.31",""
"2015","European Union - 28 countries (2013-2020)","Potatoes (including seed potatoes)","Harvested production in EU standard humidity (1000 t)","53 238.31",""
"2015","Belgium","Potatoes (including seed potatoes)","Harvested production in EU standard humidity (1000 t)","3 665.46",""
"2015","Bulgaria","Potatoes (including seed potatoes)","Harvested production in EU standard humidity (1000 t)","164.87",""
"2015","Czechia","Potatoes (including seed potatoes)","Harvested production in EU standard humidity (1000 t)","504.96",""
"2015","Denmark","Potatoes (including seed potatoes)","Harvested production in EU standard humidity (1000 t)","1 748.00",""
"2015","Germany (until 1990 former territory of the FRG)","Potatoes (including seed potatoes)","Harvested production in EU standard humidity (1000 t)","10 370.20",""
"2015","Estonia","Potatoes (including seed potatoes)","Harvested production in EU standard humidity (1000 t)","80.70",""
"2015","Ireland","Potatoes (including seed potatoes)","Harvested production in EU standard humidity (1000 t)","360.09",""
"2015","Greece","Potatoes (including seed potatoes)","Harvested production in EU standard humidity (1000 t)","560.03",""
"2015","Spain","Potatoes (including seed potatoes)","Harvested production in EU standard humidity (1000 t)","2 284.07",""
"2015","France","Potatoes (including seed potatoes)","Harvested production in EU standard humidity (1000 t)","7 114.49",""
"2015","Croatia","Potatoes (including seed potatoes)","Harvested production in EU standard humidity (1000 t)","171.18",""
"2015","Italy","Potatoes (including seed potatoes)","Harvested production in EU standard humidity (1000 t)","1 355.41",""
"2015","Cyprus","Potatoes (including seed potatoes)","Harvested production in EU standard humidity (1000 t)","95.92",""
"2015","Latvia","Potatoes (including seed potatoes)","Harvested production in EU standard humidity (1000 t)","203.60",""
"2015","Lithuania","Potatoes (including seed potatoes)","Harvested production in EU standard humidity (1000 t)","391.64",""
"2015","Luxembourg","Potatoes (including seed potatoes)","Harvested production in EU standard humidity (1000 t)","12.97",""
"2015","Hungary","Potatoes (including seed potatoes)","Harvested production in EU standard humidity (1000 t)","452.01",""
"2015","Malta","Potatoes (including seed potatoes)","Harvested production in EU standard humidity (1000 t)","8.02",""
"2015","Netherlands","Potatoes (including seed potatoes)","Harvested production in EU standard humidity (1000 t)","6 651.69",""
"2015","Austria","Potatoes (including seed potatoes)","Harvested production in EU standard humidity (1000 t)","536.47",""
"2015","Poland","Potatoes (including seed potatoes)","Harvested production in EU standard humidity (1000 t)","6 151.80",""
"2015","Portugal","Potatoes (including seed potatoes)","Harvested production in EU standard humidity (1000 t)","486.79",""
"2015","Romania","Potatoes (including seed potatoes)","Harvested production in EU standard humidity (1000 t)","2 699.68",""
"2015","Slovenia","Potatoes (including seed potatoes)","Harvested production in EU standard humidity (1000 t)","91.04",""
"2015","Slovakia","Potatoes (including seed potatoes)","Harvested production in EU standard humidity (1000 t)","144.62",""
"2015","Finland","Potatoes (including seed potatoes)","Harvested production in EU standard humidity (1000 t)","532.10",""
"2015","Sweden","Potatoes (including seed potatoes)","Harvested production in EU standard humidity (1000 t)","802.50",""
"2015","United Kingdom","Potatoes (including seed potatoes)","Harvested production in EU standard humidity (1000 t)","5 598.00",""
"2015","Iceland","Potatoes (including seed potatoes)","Harvested production in EU standard humidity (1000 t)","0.00","n"
"2015","Norway","Potatoes (including seed potatoes)","Harvested production in EU standard humidity (1000 t)","305.20",""
"2015","Switzerland","Potatoes (including seed potatoes)","Harvested production in EU standard humidity (1000 t)","365.17",""
"2015","Montenegro","Potatoes (including seed potatoes)","Harvested production in EU standard humidity (1000 t)","27.19",""
"2015","North Macedonia","Potatoes (including seed potatoes)","Harvested production in EU standard humidity (1000 t)","190.41",""
"2015","Albania","Potatoes (including seed potatoes)","Harvested production in EU standard humidity (1000 t)","245.00",""
"2015","Serbia","Potatoes (including seed potatoes)","Harvested production in EU standard humidity (1000 t)","639.41",""
"2015","Turkey","Potatoes (including seed potatoes)","Harvested production in EU standard humidity (1000 t)","4 763.00",""
"2015","Bosnia and Herzegovina","Potatoes (including seed potatoes)","Harvested production in EU standard humidity (1000 t)","351.22","e"
"2015","Kosovo (under United Nations Security Council Resolution 1244/99)","Potatoes (including seed potatoes)","Harvested production in EU standard humidity (1000 t)","70.70",""
"2016","European Union (EU6-1958, EU9-1973, EU10-1981, EU12-1986, EU15-1995, EU25-2004, EU27-2007, EU28-2013, EU27-2020)","Potatoes (including seed potatoes)","Harvested production in EU standard humidity (1000 t)","55 936.64",""
"2016","European Union - 27 countries (from 2020)","Potatoes (including seed potatoes)","Harvested production in EU standard humidity (1000 t)","50 563.64",""
"2016","European Union - 28 countries (2013-2020)","Potatoes (including seed potatoes)","Harvested production in EU standard humidity (1000 t)","55 936.64",""
"2016","Belgium","Potatoes (including seed potatoes)","Harvested production in EU standard humidity (1000 t)","3 404.64",""
"2016","Bulgaria","Potatoes (including seed potatoes)","Harvested production in EU standard humidity (1000 t)","127.18",""
"2016","Czechia","Potatoes (including seed potatoes)","Harvested production in EU standard humidity (1000 t)","699.61",""
"2016","Denmark","Potatoes (including seed potatoes)","Harvested production in EU standard humidity (1000 t)","1 954.00",""
"2016","Germany (until 1990 former territory of the FRG)","Potatoes (including seed potatoes)","Harvested production in EU standard humidity (1000 t)","10 772.10",""
"2016","Estonia","Potatoes (including seed potatoes)","Harvested production in EU standard humidity (1000 t)","62.91",""
"2016","Ireland","Potatoes (including seed potatoes)","Harvested production in EU standard humidity (1000 t)","351.98",""
"2016","Greece","Potatoes (including seed potatoes)","Harvested production in EU standard humidity (1000 t)","519.05",""
"2016","Spain","Potatoes (including seed potatoes)","Harvested production in EU standard humidity (1000 t)","2 246.20",""
"2016","France","Potatoes (including seed potatoes)","Harvested production in EU standard humidity (1000 t)","6 959.61",""
"2016","Croatia","Potatoes (including seed potatoes)","Harvested production in EU standard humidity (1000 t)","193.96",""
"2016","Italy","Potatoes (including seed potatoes)","Harvested production in EU standard humidity (1000 t)","1 368.92",""
"2016","Cyprus","Potatoes (including seed potatoes)","Harvested production in EU standard humidity (1000 t)","122.80",""
"2016","Latvia","Potatoes (including seed potatoes)","Harvested production in EU standard humidity (1000 t)","203.60",""
"2016","Lithuania","Potatoes (including seed potatoes)","Harvested production in EU standard humidity (1000 t)","344.78",""
"2016","Luxembourg","Potatoes (including seed potatoes)","Harvested production in EU standard humidity (1000 t)","18.71",""
"2016","Hungary","Potatoes (including seed potatoes)","Harvested production in EU standard humidity (1000 t)","429.44",""
"2016","Malta","Potatoes (including seed potatoes)","Harvested production in EU standard humidity (1000 t)","6.83",""
"2016","Netherlands","Potatoes (including seed potatoes)","Harvested production in EU standard humidity (1000 t)","6 534.34",""
"2016","Austria","Potatoes (including seed potatoes)","Harvested production in EU standard humidity (1000 t)","767.26",""
"2016","Poland","Potatoes (including seed potatoes)","Harvested production in EU standard humidity (1000 t)","8 624.00",""
"2016","Portugal","Potatoes (including seed potatoes)","Harvested production in EU standard humidity (1000 t)","451.04",""
"2016","Romania","Potatoes (including seed potatoes)","Harvested production in EU standard humidity (1000 t)","2 689.73",""
"2016","Slovenia","Potatoes (including seed potatoes)","Harvested production in EU standard humidity (1000 t)","84.91",""
"2016","Slovakia","Potatoes (including seed potatoes)","Harvested production in EU standard humidity (1000 t)","177.15",""
"2016","Finland","Potatoes (including seed potatoes)","Harvested production in EU standard humidity (1000 t)","587.60",""
"2016","Sweden","Potatoes (including seed potatoes)","Harvested production in EU standard humidity (1000 t)","861.30",""
"2016","United Kingdom","Potatoes (including seed potatoes)","Harvested production in EU standard humidity (1000 t)","5 373.00",""
"2016","Iceland","Potatoes (including seed potatoes)","Harvested production in EU standard humidity (1000 t)","10.00",""
"2016","Norway","Potatoes (including seed potatoes)","Harvested production in EU standard humidity (1000 t)","350.80",""
"2016","Switzerland","Potatoes (including seed potatoes)","Harvested production in EU standard humidity (1000 t)","376.03",""
"2016","Montenegro","Potatoes (including seed potatoes)","Harvested production in EU standard humidity (1000 t)","29.92","p"
"2016","North Macedonia","Potatoes (including seed potatoes)","Harvested production in EU standard humidity (1000 t)","198.53",""
"2016","Albania","Potatoes (including seed potatoes)","Harvested production in EU standard humidity (1000 t)","238.30",""
"2016","Serbia","Potatoes (including seed potatoes)","Harvested production in EU standard humidity (1000 t)","714.35",""
"2016","Turkey","Potatoes (including seed potatoes)","Harvested production in EU standard humidity (1000 t)","4 751.00",""
"2016","Bosnia and Herzegovina","Potatoes (including seed potatoes)","Harvested production in EU standard humidity (1000 t)","422.95","e"
"2016","Kosovo (under United Nations Security Council Resolution 1244/99)","Potatoes (including seed potatoes)","Harvested production in EU standard humidity (1000 t)","98.60",""
"2017","European Union (EU6-1958, EU9-1973, EU10-1981, EU12-1986, EU15-1995, EU25-2004, EU27-2007, EU28-2013, EU27-2020)","Potatoes (including seed potatoes)","Harvested production in EU standard humidity (1000 t)","61 990.99",""
"2017","European Union - 27 countries (from 2020)","Potatoes (including seed potatoes)","Harvested production in EU standard humidity (1000 t)","55 772.99",""
"2017","European Union - 28 countries (2013-2020)","Potatoes (including seed potatoes)","Harvested production in EU standard humidity (1000 t)","61 990.99",""
"2017","Belgium","Potatoes (including seed potatoes)","Harvested production in EU standard humidity (1000 t)","4 416.67",""
"2017","Bulgaria","Potatoes (including seed potatoes)","Harvested production in EU standard humidity (1000 t)","227.71",""
"2017","Czechia","Potatoes (including seed potatoes)","Harvested production in EU standard humidity (1000 t)","688.97",""
"2017","Denmark","Potatoes (including seed potatoes)","Harvested production in EU standard humidity (1000 t)","2 171.00",""
"2017","Germany (until 1990 former territory of the FRG)","Potatoes (including seed potatoes)","Harvested production in EU standard humidity (1000 t)","11 720.00",""
"2017","Estonia","Potatoes (including seed potatoes)","Harvested production in EU standard humidity (1000 t)","63.24",""
"2017","Ireland","Potatoes (including seed potatoes)","Harvested production in EU standard humidity (1000 t)","412.43",""
"2017","Greece","Potatoes (including seed potatoes)","Harvested production in EU standard humidity (1000 t)","536.69",""
"2017","Spain","Potatoes (including seed potatoes)","Harvested production in EU standard humidity (1000 t)","2 239.47",""
"2017","France","Potatoes (including seed potatoes)","Harvested production in EU standard humidity (1000 t)","8 547.35",""
"2017","Croatia","Potatoes (including seed potatoes)","Harvested production in EU standard humidity (1000 t)","156.09",""
"2017","Italy","Potatoes (including seed potatoes)","Harvested production in EU standard humidity (1000 t)","1 346.94",""
"2017","Cyprus","Potatoes (including seed potatoes)","Harvested production in EU standard humidity (1000 t)","109.92",""
"2017","Latvia","Potatoes (including seed potatoes)","Harvested production in EU standard humidity (1000 t)","209.30",""
"2017","Lithuania","Potatoes (including seed potatoes)","Harvested production in EU standard humidity (1000 t)","231.69",""
"2017","Luxembourg","Potatoes (including seed potatoes)","Harvested production in EU standard humidity (1000 t)","21.28",""
"2017","Hungary","Potatoes (including seed potatoes)","Harvested production in EU standard humidity (1000 t)","341.05",""
"2017","Malta","Potatoes (including seed potatoes)","Harvested production in EU standard humidity (1000 t)","8.75",""
"2017","Netherlands","Potatoes (including seed potatoes)","Harvested production in EU standard humidity (1000 t)","7 391.88",""
"2017","Austria","Potatoes (including seed potatoes)","Harvested production in EU standard humidity (1000 t)","653.40",""
"2017","Poland","Potatoes (including seed potatoes)","Harvested production in EU standard humidity (1000 t)","8 956.04",""
"2017","Portugal","Potatoes (including seed potatoes)","Harvested production in EU standard humidity (1000 t)","515.03",""
"2017","Romania","Potatoes (including seed potatoes)","Harvested production in EU standard humidity (1000 t)","3 116.91",""
"2017","Slovenia","Potatoes (including seed potatoes)","Harvested production in EU standard humidity (1000 t)","77.08",""
"2017","Slovakia","Potatoes (including seed potatoes)","Harvested production in EU standard humidity (1000 t)","149.71",""
"2017","Finland","Potatoes (including seed potatoes)","Harvested production in EU standard humidity (1000 t)","611.90",""
"2017","Sweden","Potatoes (including seed potatoes)","Harvested production in EU standard humidity (1000 t)","852.50",""
"2017","United Kingdom","Potatoes (including seed potatoes)","Harvested production in EU standard humidity (1000 t)","6 218.00",""
"2017","Iceland","Potatoes (including seed potatoes)","Harvested production in EU standard humidity (1000 t)","9.00",""
"2017","Norway","Potatoes (including seed potatoes)","Harvested production in EU standard humidity (1000 t)","314.50",""
"2017","Switzerland","Potatoes (including seed potatoes)","Harvested production in EU standard humidity (1000 t)","461.19",""
"2017","Montenegro","Potatoes (including seed potatoes)","Harvested production in EU standard humidity (1000 t)","27.50","p"
"2017","North Macedonia","Potatoes (including seed potatoes)","Harvested production in EU standard humidity (1000 t)","178.95",""
"2017","Albania","Potatoes (including seed potatoes)","Harvested production in EU standard humidity (1000 t)","249.80",""
"2017","Serbia","Potatoes (including seed potatoes)","Harvested production in EU standard humidity (1000 t)","589.20",""
"2017","Turkey","Potatoes (including seed potatoes)","Harvested production in EU standard humidity (1000 t)","4 801.00",""
"2017","Bosnia and Herzegovina","Potatoes (including seed potatoes)","Harvested production in EU standard humidity (1000 t)","337.14","e"
"2017","Kosovo (under United Nations Security Council Resolution 1244/99)","Potatoes (including seed potatoes)","Harvested production in EU standard humidity (1000 t)","118.20",""
"2018","European Union (EU6-1958, EU9-1973, EU10-1981, EU12-1986, EU15-1995, EU25-2004, EU27-2007, EU28-2013, EU27-2020)","Potatoes (including seed potatoes)","Harvested production in EU standard humidity (1000 t)","51 801.51",""
"2018","European Union - 27 countries (from 2020)","Potatoes (including seed potatoes)","Harvested production in EU standard humidity (1000 t)","46 773.51",""
"2018","European Union - 28 countries (2013-2020)","Potatoes (including seed potatoes)","Harvested production in EU standard humidity (1000 t)","51 801.51",""
"2018","Belgium","Potatoes (including seed potatoes)","Harvested production in EU standard humidity (1000 t)","3 045.44",""
"2018","Bulgaria","Potatoes (including seed potatoes)","Harvested production in EU standard humidity (1000 t)","261.69",""
"2018","Czechia","Potatoes (including seed potatoes)","Harvested production in EU standard humidity (1000 t)","583.56",""
"2018","Denmark","Potatoes (including seed potatoes)","Harvested production in EU standard humidity (1000 t)","1 806.80",""
"2018","Germany (until 1990 former territory of the FRG)","Potatoes (including seed potatoes)","Harvested production in EU standard humidity (1000 t)","8 920.80",""
"2018","Estonia","Potatoes (including seed potatoes)","Harvested production in EU standard humidity (1000 t)","58.03",""
"2018","Ireland","Potatoes (including seed potatoes)","Harvested production in EU standard humidity (1000 t)","273.01",""
"2018","Greece","Potatoes (including seed potatoes)","Harvested production in EU standard humidity (1000 t)","465.77",""
"2018","Spain","Potatoes (including seed potatoes)","Harvested production in EU standard humidity (1000 t)","2 010.93",""
"2018","France","Potatoes (including seed potatoes)","Harvested production in EU standard humidity (1000 t)","7 860.38",""
"2018","Croatia","Potatoes (including seed potatoes)","Harvested production in EU standard humidity (1000 t)","182.26",""
"2018","Italy","Potatoes (including seed potatoes)","Harvested production in EU standard humidity (1000 t)","1 307.60",""
"2018","Cyprus","Potatoes (including seed potatoes)","Harvested production in EU standard humidity (1000 t)","102.22","p"
"2018","Latvia","Potatoes (including seed potatoes)","Harvested production in EU standard humidity (1000 t)","196.20",""
"2018","Lithuania","Potatoes (including seed potatoes)","Harvested production in EU standard humidity (1000 t)","289.80",""
"2018","Luxembourg","Potatoes (including seed potatoes)","Harvested production in EU standard humidity (1000 t)","16.21",""
"2018","Hungary","Potatoes (including seed potatoes)","Harvested production in EU standard humidity (1000 t)","327.58",""
"2018","Malta","Potatoes (including seed potatoes)","Harvested production in EU standard humidity (1000 t)","9.36",""
"2018","Netherlands","Potatoes (including seed potatoes)","Harvested production in EU standard humidity (1000 t)","6 025.37",""
"2018","Austria","Potatoes (including seed potatoes)","Harvested production in EU standard humidity (1000 t)","697.93",""
"2018","Poland","Potatoes (including seed potatoes)","Harvested production in EU standard humidity (1000 t)","7 311.96",""
"2018","Portugal","Potatoes (including seed potatoes)","Harvested production in EU standard humidity (1000 t)","431.69",""
"2018","Romania","Potatoes (including seed potatoes)","Harvested production in EU standard humidity (1000 t)","3 022.76",""
"2018","Slovenia","Potatoes (including seed potatoes)","Harvested production in EU standard humidity (1000 t)","72.92",""
"2018","Slovakia","Potatoes (including seed potatoes)","Harvested production in EU standard humidity (1000 t)","169.95",""
"2018","Finland","Potatoes (including seed potatoes)","Harvested production in EU standard humidity (1000 t)","600.30",""
"2018","Sweden","Potatoes (including seed potatoes)","Harvested production in EU standard humidity (1000 t)","723.00",""
"2018","United Kingdom","Potatoes (including seed potatoes)","Harvested production in EU standard humidity (1000 t)","5 028.00",""
"2018","Iceland","Potatoes (including seed potatoes)","Harvested production in EU standard humidity (1000 t)","6.00",""
"2018","Norway","Potatoes (including seed potatoes)","Harvested production in EU standard humidity (1000 t)",":",""
"2018","Switzerland","Potatoes (including seed potatoes)","Harvested production in EU standard humidity (1000 t)","447.60",""
"2018","Montenegro","Potatoes (including seed potatoes)","Harvested production in EU standard humidity (1000 t)","26.10","p"
"2018","North Macedonia","Potatoes (including seed potatoes)","Harvested production in EU standard humidity (1000 t)","181.93",""
"2018","Albania","Potatoes (including seed potatoes)","Harvested production in EU standard humidity (1000 t)","254.50",""
"2018","Serbia","Potatoes (including seed potatoes)","Harvested production in EU standard humidity (1000 t)","487.91",""
"2018","Turkey","Potatoes (including seed potatoes)","Harvested production in EU standard humidity (1000 t)","4 550.00",""
"2018","Bosnia and Herzegovina","Potatoes (including seed potatoes)","Harvested production in EU standard humidity (1000 t)","394.27","e"
"2018","Kosovo (under United Nations Security Council Resolution 1244/99)","Potatoes (including seed potatoes)","Harvested production in EU standard humidity (1000 t)","68.80",""
"2019","European Union (EU6-1958, EU9-1973, EU10-1981, EU12-1986, EU15-1995, EU25-2004, EU27-2007, EU28-2013, EU27-2020)","Potatoes (including seed potatoes)","Harvested production in EU standard humidity (1000 t)","56 607.74",""
"2019","European Union - 27 countries (from 2020)","Potatoes (including seed potatoes)","Harvested production in EU standard humidity (1000 t)","51 355.74",""
"2019","European Union - 28 countries (2013-2020)","Potatoes (including seed potatoes)","Harvested production in EU standard humidity (1000 t)","56 607.74",""
"2019","Belgium","Potatoes (including seed potatoes)","Harvested production in EU standard humidity (1000 t)","4 031.54","p"
"2019","Bulgaria","Potatoes (including seed potatoes)","Harvested production in EU standard humidity (1000 t)","145.00",""
"2019","Czechia","Potatoes (including seed potatoes)","Harvested production in EU standard humidity (1000 t)","622.60",""
"2019","Denmark","Potatoes (including seed potatoes)","Harvested production in EU standard humidity (1000 t)","2 408.70",""
"2019","Germany (until 1990 former territory of the FRG)","Potatoes (including seed potatoes)","Harvested production in EU standard humidity (1000 t)","10 602.20",""
"2019","Estonia","Potatoes (including seed potatoes)","Harvested production in EU standard humidity (1000 t)","80.13",""
"2019","Ireland","Potatoes (including seed potatoes)","Harvested production in EU standard humidity (1000 t)","338.17","p"
"2019","Greece","Potatoes (including seed potatoes)","Harvested production in EU standard humidity (1000 t)","466.41",""
"2019","Spain","Potatoes (including seed potatoes)","Harvested production in EU standard humidity (1000 t)","2 269.12","p"
"2019","France","Potatoes (including seed potatoes)","Harvested production in EU standard humidity (1000 t)","8 102.00",""
"2019","Croatia","Potatoes (including seed potatoes)","Harvested production in EU standard humidity (1000 t)","184.10",""
"2019","Italy","Potatoes (including seed potatoes)","Harvested production in EU standard humidity (1000 t)","1 338.43",""
"2019","Cyprus","Potatoes (including seed potatoes)","Harvested production in EU standard humidity (1000 t)","84.33","e"
"2019","Latvia","Potatoes (including seed potatoes)","Harvested production in EU standard humidity (1000 t)","223.70",""
"2019","Lithuania","Potatoes (including seed potatoes)","Harvested production in EU standard humidity (1000 t)","329.78",""
"2019","Luxembourg","Potatoes (including seed potatoes)","Harvested production in EU standard humidity (1000 t)","15.33",""
"2019","Hungary","Potatoes (including seed potatoes)","Harvested production in EU standard humidity (1000 t)","329.00",""
"2019","Malta","Potatoes (including seed potatoes)","Harvested production in EU standard humidity (1000 t)","8.99",""
"2019","Netherlands","Potatoes (including seed potatoes)","Harvested production in EU standard humidity (1000 t)","6 961.23",""
"2019","Austria","Potatoes (including seed potatoes)","Harvested production in EU standard humidity (1000 t)","751.26",""
"2019","Poland","Potatoes (including seed potatoes)","Harvested production in EU standard humidity (1000 t)","6 665.00","e"
"2019","Portugal","Potatoes (including seed potatoes)","Harvested production in EU standard humidity (1000 t)","490.72","p"
"2019","Romania","Potatoes (including seed potatoes)","Harvested production in EU standard humidity (1000 t)","2 715.43",""
"2019","Slovenia","Potatoes (including seed potatoes)","Harvested production in EU standard humidity (1000 t)","65.96",""
"2019","Slovakia","Potatoes (including seed potatoes)","Harvested production in EU standard humidity (1000 t)","182.42",""
"2019","Finland","Potatoes (including seed potatoes)","Harvested production in EU standard humidity (1000 t)","618.90",""
"2019","Sweden","Potatoes (including seed potatoes)","Harvested production in EU standard humidity (1000 t)","847.70",""
"2019","United Kingdom","Potatoes (including seed potatoes)","Harvested production in EU standard humidity (1000 t)","5 252.00","p"
"2019","Iceland","Potatoes (including seed potatoes)","Harvested production in EU standard humidity (1000 t)","8.00",""
"2019","Norway","Potatoes (including seed potatoes)","Harvested production in EU standard humidity (1000 t)",":",""
"2019","Switzerland","Potatoes (including seed potatoes)","Harvested production in EU standard humidity (1000 t)","414.34",""
"2019","Montenegro","Potatoes (including seed potatoes)","Harvested production in EU standard humidity (1000 t)",":",""
"2019","North Macedonia","Potatoes (including seed potatoes)","Harvested production in EU standard humidity (1000 t)","190.56","e"
"2019","Albania","Potatoes (including seed potatoes)","Harvested production in EU standard humidity (1000 t)",":",""
"2019","Serbia","Potatoes (including seed potatoes)","Harvested production in EU standard humidity (1000 t)","702.10",""
"2019","Turkey","Potatoes (including seed potatoes)","Harvested production in EU standard humidity (1000 t)",":",""
"2019","Bosnia and Herzegovina","Potatoes (including seed potatoes)","Harvested production in EU standard humidity (1000 t)","377.16","e"
"2019","Kosovo (under United Nations Security Council Resolution 1244/99)","Potatoes (including seed potatoes)","Harvested production in EU standard humidity (1000 t)",":",""
"2020","European Union (EU6-1958, EU9-1973, EU10-1981, EU12-1986, EU15-1995, EU25-2004, EU27-2007, EU28-2013, EU27-2020)","Potatoes (including seed potatoes)","Harvested production in EU standard humidity (1000 t)",":",""
"2020","European Union - 27 countries (from 2020)","Potatoes (including seed potatoes)","Harvested production in EU standard humidity (1000 t)",":",""
"2020","European Union - 28 countries (2013-2020)","Potatoes (including seed potatoes)","Harvested production in EU standard humidity (1000 t)",":",""
"2020","Belgium","Potatoes (including seed potatoes)","Harvested production in EU standard humidity (1000 t)",":",""
"2020","Bulgaria","Potatoes (including seed potatoes)","Harvested production in EU standard humidity (1000 t)",":",""
"2020","Czechia","Potatoes (including seed potatoes)","Harvested production in EU standard humidity (1000 t)",":",""
"2020","Denmark","Potatoes (including seed potatoes)","Harvested production in EU standard humidity (1000 t)",":",""
"2020","Germany (until 1990 former territory of the FRG)","Potatoes (including seed potatoes)","Harvested production in EU standard humidity (1000 t)",":",""
"2020","Estonia","Potatoes (including seed potatoes)","Harvested production in EU standard humidity (1000 t)",":",""
"2020","Ireland","Potatoes (including seed potatoes)","Harvested production in EU standard humidity (1000 t)",":",""
"2020","Greece","Potatoes (including seed potatoes)","Harvested production in EU standard humidity (1000 t)",":",""
"2020","Spain","Potatoes (including seed potatoes)","Harvested production in EU standard humidity (1000 t)",":",""
"2020","France","Potatoes (including seed potatoes)","Harvested production in EU standard humidity (1000 t)",":",""
"2020","Croatia","Potatoes (including seed potatoes)","Harvested production in EU standard humidity (1000 t)",":",""
"2020","Italy","Potatoes (including seed potatoes)","Harvested production in EU standard humidity (1000 t)",":",""
"2020","Cyprus","Potatoes (including seed potatoes)","Harvested production in EU standard humidity (1000 t)",":",""
"2020","Latvia","Potatoes (including seed potatoes)","Harvested production in EU standard humidity (1000 t)",":",""
"2020","Lithuania","Potatoes (including seed potatoes)","Harvested production in EU standard humidity (1000 t)",":",""
"2020","Luxembourg","Potatoes (including seed potatoes)","Harvested production in EU standard humidity (1000 t)",":",""
"2020","Hungary","Potatoes (including seed potatoes)","Harvested production in EU standard humidity (1000 t)",":",""
"2020","Malta","Potatoes (including seed potatoes)","Harvested production in EU standard humidity (1000 t)",":",""
"2020","Netherlands","Potatoes (including seed potatoes)","Harvested production in EU standard humidity (1000 t)",":",""
"2020","Austria","Potatoes (including seed potatoes)","Harvested production in EU standard humidity (1000 t)",":",""
"2020","Poland","Potatoes (including seed potatoes)","Harvested production in EU standard humidity (1000 t)",":",""
"2020","Portugal","Potatoes (including seed potatoes)","Harvested production in EU standard humidity (1000 t)",":",""
"2020","Romania","Potatoes (including seed potatoes)","Harvested production in EU standard humidity (1000 t)",":",""
"2020","Slovenia","Potatoes (including seed potatoes)","Harvested production in EU standard humidity (1000 t)",":",""
"2020","Slovakia","Potatoes (including seed potatoes)","Harvested production in EU standard humidity (1000 t)",":",""
"2020","Finland","Potatoes (including seed potatoes)","Harvested production in EU standard humidity (1000 t)",":",""
"2020","Sweden","Potatoes (including seed potatoes)","Harvested production in EU standard humidity (1000 t)",":",""
"2020","United Kingdom","Potatoes (including seed potatoes)","Harvested production in EU standard humidity (1000 t)",":",""
"2020","Iceland","Potatoes (including seed potatoes)","Harvested production in EU standard humidity (1000 t)",":",""
"2020","Norway","Potatoes (including seed potatoes)","Harvested production in EU standard humidity (1000 t)",":",""
"2020","Switzerland","Potatoes (including seed potatoes)","Harvested production in EU standard humidity (1000 t)",":",""
"2020","Montenegro","Potatoes (including seed potatoes)","Harvested production in EU standard humidity (1000 t)",":",""
"2020","North Macedonia","Potatoes (including seed potatoes)","Harvested production in EU standard humidity (1000 t)",":",""
"2020","Albania","Potatoes (including seed potatoes)","Harvested production in EU standard humidity (1000 t)",":",""
"2020","Serbia","Potatoes (including seed potatoes)","Harvested production in EU standard humidity (1000 t)",":",""
"2020","Turkey","Potatoes (including seed potatoes)","Harvested production in EU standard humidity (1000 t)",":",""
"2020","Bosnia and Herzegovina","Potatoes (including seed potatoes)","Harvested production in EU standard humidity (1000 t)",":",""
"2020","Kosovo (under United Nations Security Council Resolution 1244/99)","Potatoes (including seed potatoes)","Harvested production in EU standard humidity (1000 t)",":",""
